xUTM,yUTM,sensor_type,dt,ch,scan,time,encoder,HIT,MineIsInsideLane,DIST,objectdist,category,isDetected,IsInsideLane,prescreener,known_obj,event_id,event_type,event_timestamp,id,lsd_kv,sample,fold,pre_conf,conf,lane,site,srid,target,corner_1,corner_2,corner_3,corner_4,corner_5,corner_6,depth
388993.918681506,4353281.18285403,GPR,58,23,58,225853411.9959541,1636.76,0,,2.50534965805003,2.50534965805003,4,1,0,random_prescreener,1,38899392E_435328118NGPR,alarm,737366.384003659,1,anon_lsd_kv_0,anon_target_0,1,5.86293,5.86293,anon_lane_0,anon_site_0,EPSG:32618,anon_target_0,,,,,,,
389000.941299495,4353287.17985433,GPR,246,30,246,82158578.05407985,1646.17,1,1.0,0.0,0.0,1,1,1,random_prescreener,1,38900094E_435328718NGPR,alarm,737366.384003659,2,anon_lsd_kv_0,anon_target_1,1,5.24263,5.24263,anon_lane_0,anon_site_0,EPSG:32618,anon_target_1,389000.828,389000.883,389001.185,4353287.29,4353287.335,4353286.966,3.0
389006.091800355,4353292.0401038,GPR,391,25,391,242034168.29933575,1653.42,1,1.0,0.0,0.0,1,1,1,random_prescreener,1,38900609E_435329204NGPR,alarm,737366.384003659,3,anon_lsd_kv_0,anon_target_2,1,4.13697,4.13697,anon_lane_0,anon_site_0,EPSG:32618,anon_target_2,389006.17299999995,4353292.1,,,,,1.0
389011.105578063,4353296.99697083,GPR,535,18,535,381188533.5532833,1660.63,1,1.0,0.0164243498940943,0.0164243498940943,1,1,1,random_prescreener,1,38901111E_435329700NGPR,alarm,737366.384003659,4,anon_lsd_kv_0,anon_target_3,9,4.6636,4.6636,anon_lane_0,anon_site_0,EPSG:32618,anon_target_3,389011.008,389011.166,389011.30299999996,4353297.113,4353297.255,4353297.124,3.0
389016.67764338705,4353301.41390267,GPR,681,27,681,956110590.3935741,1667.94,1,1.0,0.00580810912891705,0.00580810912891705,1,1,1,random_prescreener,1,38901668E_435330141NGPR,alarm,737366.384003659,5,anon_lsd_kv_0,anon_target_4,10,3.9410000000000003,3.9410000000000003,anon_lane_0,anon_site_0,EPSG:32618,anon_target_4,389016.744,4353301.5430000005,,,,,3.0
389027.76346014295,4353310.74098738,GPR,976,36,976,1132678757.644601,1682.7,1,1.0,0.0,0.0,1,1,1,random_prescreener,1,38902776E_435331074NGPR,alarm,737366.384003659,6,anon_lsd_kv_0,anon_target_2,1,4.96994,4.96994,anon_lane_0,anon_site_0,EPSG:32618,anon_target_2,389027.841,4353310.775,,,,,3.0
389032.110383795,4353313.94560034,GPR,1085,44,1085,799362086.8990701,1688.16,0,,inf,1.2538976016910401,4,1,1,random_prescreener,1,38903211E_435331395NGPR,alarm,737366.384003659,7,anon_lsd_kv_0,anon_target_0,4,4.19048,4.19048,anon_lane_0,anon_site_0,EPSG:32618,anon_target_0,,,,,,,
389033.564386926,4353315.27650277,GPR,1126,43,1126,453248777.6790637,1690.21,0,,inf,2.3455686161599503,4,1,1,random_prescreener,1,38903356E_435331528NGPR,alarm,737366.384003659,8,anon_lsd_kv_0,anon_target_0,4,2.74189,2.74189,anon_lane_0,anon_site_0,EPSG:32618,anon_target_0,,,,,,,
389042.394136735,4353324.33490396,GPR,1384,29,1384,2514430.978269188,1703.12,1,1.0,0.0,0.0,1,1,1,random_prescreener,1,38904239E_435332433NGPR,alarm,737366.384003659,9,anon_lsd_kv_0,anon_target_5,9,5.40294,5.40294,anon_lane_0,anon_site_0,EPSG:32618,anon_target_5,389042.471,4353324.303,,,,,1.0
389049.116706068,4353329.67440078,GPR,1560,36,1560,893605505.6544398,1711.93,1,1.0,0.0,0.0,1,1,1,random_prescreener,1,38904912E_435332967NGPR,alarm,737366.384003659,10,anon_lsd_kv_0,anon_target_6,8,6.83973,6.83973,anon_lane_0,anon_site_0,EPSG:32618,anon_target_6,389049.135,4353329.777,,,,,1.0
389057.46670253103,4353338.10201642,GPR,1802,24,1802,1194713143.270285,1724.05,1,1.0,0.0,0.0,1,1,1,random_prescreener,1,38905747E_435333810NGPR,alarm,737366.384003659,11,anon_lsd_kv_0,anon_target_7,5,6.19073,6.19073,anon_lane_0,anon_site_0,EPSG:32618,anon_target_7,389057.44299999997,4353338.127,,,,,5.0
389066.657299725,4353347.484622,GPR,2072,11,2072,1176057842.3760452,1737.56,1,1.0,0.0,0.0,1,1,1,random_prescreener,1,38906666E_435334748NGPR,alarm,737366.384003659,12,anon_lsd_kv_0,anon_target_8,8,5.34636,5.34636,anon_lane_0,anon_site_0,EPSG:32618,anon_target_8,389066.71,4353347.538,,,,,5.0
389069.511106521,4353349.50542844,GPR,2142,17,2142,57167564.828213565,1741.06,0,,inf,inf,4,1,1,random_prescreener,1,38906951E_435334951NGPR,alarm,737366.384003659,13,anon_lsd_kv_0,anon_target_0,7,4.17799,4.17799,anon_lane_0,anon_site_0,EPSG:32618,anon_target_0,,,,,,,
389073.680307344,4353351.79272958,GPR,2236,34,2236,31397023.008484755,1745.77,1,1.0,0.0,0.0,1,1,1,random_prescreener,1,38907368E_435335179NGPR,alarm,737366.384003659,14,anon_lsd_kv_0,anon_target_9,6,4.64769,4.64769,anon_lane_0,anon_site_0,EPSG:32618,anon_target_9,389073.74100000004,4353351.777,,,,,5.0
389079.732386671,4353357.24310127,GPR,2403,33,2403,1195398475.1873255,1754.12,1,1.0,0.0,0.0,1,1,1,random_prescreener,1,38907973E_435335724NGPR,alarm,737366.384003659,15,anon_lsd_kv_0,anon_target_10,1,6.78335,6.78335,anon_lane_0,anon_site_0,EPSG:32618,anon_target_10,389080.08185,389079.68385,389079.56415,4353356.9792,4353357.5062,4353357.4158,3.0
389091.115615072,4353366.9360511005,GPR,2709,40,2709,322593374.5444921,1769.44,1,1.0,0.0,0.0,1,1,1,random_prescreener,1,38909112E_435336694NGPR,alarm,737366.384003659,16,anon_lsd_kv_0,anon_target_11,10,2.91587,2.91587,anon_lane_0,anon_site_0,EPSG:32618,anon_target_11,389090.95200000005,389091.005,389091.203,4353367.09,4353367.1389999995,4353366.937,1.0
389096.07642562396,4353372.86433396,GPR,2867,18,2867,1089080635.8777766,1777.35,1,1.0,0.0,0.0,1,1,1,random_prescreener,1,38909608E_435337286NGPR,alarm,737366.384003659,17,anon_lsd_kv_0,anon_target_8,5,5.50646,5.50646,anon_lane_0,anon_site_0,EPSG:32618,anon_target_8,389096.12100000004,4353372.975,,,,,3.0
389103.126889425,4353376.7296171,GPR,3025,49,3025,697593983.6100166,1785.25,0,,inf,1.2088639668330399,4,1,0,random_prescreener,1,38910313E_435337673NGPR,alarm,737366.384003659,18,anon_lsd_kv_0,anon_target_0,10,3.8894699999999998,3.8894699999999998,anon_lane_0,anon_site_0,EPSG:32618,anon_target_0,,,,,,,
389103.914131255,4353378.12004718,GPR,3056,41,3056,1341979847.7076983,1786.81,0,0.0,inf,0.0,4,1,1,random_prescreener,1,38910391E_435337812NGPR,alarm,737366.384003659,19,anon_lsd_kv_0,anon_target_0,10,4.0650699999999995,4.0650699999999995,anon_lane_0,anon_site_0,EPSG:32618,anon_target_0,,,,,,,
389105.486389626,4353381.38380114,GPR,3126,21,3126,1048979619.594628,1790.31,0,,inf,inf,4,1,1,random_prescreener,1,38910549E_435338138NGPR,alarm,737366.384003659,20,anon_lsd_kv_0,anon_target_0,10,4.8032699999999995,4.8032699999999995,anon_lane_0,anon_site_0,EPSG:32618,anon_target_0,,,,,,,
389112.236372009,4353387.28404515,GPR,3309,24,3309,336884339.04770434,1799.47,1,1.0,0.0,0.0,1,1,1,random_prescreener,1,38911224E_435338728NGPR,alarm,737366.384003659,21,anon_lsd_kv_0,anon_target_12,2,7.42283,7.42283,anon_lane_0,anon_site_0,EPSG:32618,anon_target_12,389112.10799999995,389112.32700000005,389112.518,4353387.287,4353387.4860000005,4353387.262,-1.0
389112.63520749897,4353386.86846575,GPR,3309,33,3309,850514133.5277429,1799.47,0,,0.37007451073236597,0.37007451073236597,2,1,1,random_prescreener,1,38911264E_435338687NGPR,alarm,737366.384003659,22,anon_lsd_kv_0,anon_target_0,1,4.50105,4.50105,anon_lane_0,anon_site_0,EPSG:32618,anon_target_0,,,,,,,
389119.673448641,4353392.4658954,GPR,3492,41,3492,707695526.2682285,1808.63,0,0.0,inf,0.0,4,1,1,random_prescreener,1,38911967E_435339247NGPR,alarm,737366.384003659,23,anon_lsd_kv_0,anon_target_0,2,3.21172,3.21172,anon_lane_0,anon_site_0,EPSG:32618,anon_target_0,,,,,,,
389123.79535045795,4353396.57368863,GPR,3612,37,3612,922370981.2039756,1814.64,1,1.0,0.0,0.0,1,1,1,random_prescreener,1,38912380E_435339657NGPR,alarm,737366.384003659,24,anon_lsd_kv_0,anon_target_6,2,6.022530000000001,6.022530000000001,anon_lane_0,anon_site_0,EPSG:32618,anon_target_6,389123.82899999997,4353396.583000001,,,,,3.0
389124.456917721,4353396.80272999,GPR,3624,42,3624,206598046.18433353,1815.23,0,,0.39316190912541205,0.39316190912541205,2,1,1,random_prescreener,1,38912446E_435339680NGPR,alarm,737366.384003659,25,anon_lsd_kv_0,anon_target_0,2,2.98775,2.98775,anon_lane_0,anon_site_0,EPSG:32618,anon_target_0,,,,,,,
389133.34286599397,4353405.86060808,GPR,3884,29,3884,1199066245.1993437,1828.24,1,1.0,0.0,0.0,1,1,1,random_prescreener,1,38913334E_435340586NGPR,alarm,737366.384003659,26,anon_lsd_kv_0,anon_target_13,6,6.496980000000001,6.496980000000001,anon_lane_0,anon_site_0,EPSG:32618,anon_target_13,389133.166,389133.281,389133.55100000004,4353406.018999999,4353405.756,4353405.87,1.0
389146.05848616705,4353416.49859823,GPR,4222,38,4222,241533781.46350014,1845.17,1,1.0,0.0,0.0,1,1,1,random_prescreener,1,38914606E_435341650NGPR,alarm,737366.384003659,27,anon_lsd_kv_0,anon_target_9,4,4.42788,4.42788,anon_lane_0,anon_site_0,EPSG:32618,anon_target_9,389146.016,4353416.48,,,,,3.0
389150.298136526,4353421.81678638,GPR,4360,18,4360,1126193861.931669,1852.07,1,1.0,0.0,0.0,1,1,1,random_prescreener,1,38915030E_435342182NGPR,alarm,737366.384003659,28,anon_lsd_kv_0,anon_target_7,5,8.49765,8.49765,anon_lane_0,anon_site_0,EPSG:32618,anon_target_7,389150.321,4353421.896000001,,,,,1.0
389169.10991213,4353437.38556009,GPR,4858,34,4858,1336785363.3483741,1876.99,1,1.0,0.0,0.0,1,1,1,random_prescreener,1,38916911E_435343739NGPR,alarm,737366.384003659,29,anon_lsd_kv_0,anon_target_14,3,3.6651199999999995,3.6651199999999995,anon_lane_0,anon_site_0,EPSG:32618,anon_target_14,389169.423719,389169.015719,389169.126281,4353437.769685,4353437.324685,4353437.2233150005,5.0
389174.077506961,4353442.54835374,GPR,5005,25,5005,620795953.6590226,1884.35,1,1.0,0.0,0.0,1,1,1,random_prescreener,1,38917408E_435344255NGPR,alarm,737366.384003659,30,anon_lsd_kv_0,anon_target_2,7,5.09096,5.09096,anon_lane_0,anon_site_0,EPSG:32618,anon_target_2,389174.114,4353442.539,,,,,5.0
389177.387761009,4353444.58011074,GPR,5083,34,5083,1171590136.5340054,1888.26,1,1.0,0.0,0.0,1,1,1,random_prescreener,1,38917739E_435344458NGPR,alarm,737366.384003659,31,anon_lsd_kv_0,anon_target_13,6,5.12826,5.12826,anon_lane_0,anon_site_0,EPSG:32618,anon_target_13,389177.208,389177.399,389177.62899999996,4353444.55,4353444.329,4353444.511,3.0
389190.90131452295,4353455.95501005,GPR,5444,43,5444,161425033.39156848,1906.32,1,1.0,0.0,0.0,1,1,1,random_prescreener,1,38919090E_435345596NGPR,alarm,737366.384003659,32,anon_lsd_kv_0,anon_target_15,4,5.52862,5.52862,anon_lane_0,anon_site_0,EPSG:32618,anon_target_15,389190.843,4353456.024,,,,,1.0
389198.69259291794,4353465.50920668,GPR,5694,12,5694,234505634.92772153,1918.83,0,0.0,inf,0.0,4,1,1,random_prescreener,1,38919869E_435346551NGPR,alarm,737366.384003659,33,anon_lsd_kv_0,anon_target_0,8,2.8561799999999997,2.8561799999999997,anon_lane_0,anon_site_0,EPSG:32618,anon_target_0,,,,,,,
389211.274476936,4353476.09381312,GPR,6030,19,6030,410178404.8400957,1935.65,1,1.0,0.0,0.0,1,1,1,random_prescreener,1,38921127E_435347609NGPR,alarm,737366.384003659,34,anon_lsd_kv_0,anon_target_13,7,4.3910800000000005,4.3910800000000005,anon_lane_0,anon_site_0,EPSG:32618,anon_target_13,389211.166,389211.37100000004,389211.59,4353476.097,4353475.888,4353476.083000001,5.0
389223.942376927,4353488.120480999,GPR,6388,12,6388,700572751.3399166,1953.57,1,1.0,0.0,0.0,1,1,1,random_prescreener,1,38922394E_435348812NGPR,alarm,737366.384003659,35,anon_lsd_kv_0,anon_target_16,4,5.25936,5.25936,anon_lane_0,anon_site_0,EPSG:32618,anon_target_16,389224.083,4353488.124,,,,,6.0
389231.49659957795,4353492.13356745,GPR,6556,44,6556,1052093582.4472404,1961.98,0,0.0,2.7276531564466,0.0,4,1,1,random_prescreener,1,38923150E_435349213NGPR,alarm,737366.384003659,36,anon_lsd_kv_0,anon_target_0,1,7.4801899999999995,7.4801899999999995,anon_lane_0,anon_site_0,EPSG:32618,anon_target_0,,,,,,,
389232.602036545,4353494.76101576,GPR,6609,24,6609,1089336803.3743825,1964.63,1,1.0,0.0,0.0,1,1,1,random_prescreener,1,38923260E_435349476NGPR,alarm,737366.384003659,37,anon_lsd_kv_0,anon_target_16,2,7.4849,7.4849,anon_lane_0,anon_site_0,EPSG:32618,anon_target_16,389232.62700000004,4353494.8,,,,,-1.0
389232.99329606,4353494.33829603,GPR,6609,33,6609,150511296.29926032,1964.63,0,,0.42158912940028703,0.42158912940028703,2,1,1,random_prescreener,1,38923299E_435349434NGPR,alarm,737366.384003659,38,anon_lsd_kv_0,anon_target_0,1,4.02185,4.02185,anon_lane_0,anon_site_0,EPSG:32618,anon_target_0,,,,,,,
389238.38263562205,4353501.33274612,GPR,6788,9,6788,1399343853.2098799,1973.59,0,0.0,inf,0.0825453636521086,4,1,1,random_prescreener,1,38923838E_435350133NGPR,alarm,737366.384003659,39,anon_lsd_kv_0,anon_target_0,2,2.7722900000000004,2.7722900000000004,anon_lane_0,anon_site_0,EPSG:32618,anon_target_0,,,,,,,
389245.499033847,4353505.48541127,GPR,6952,35,6952,837063033.2670618,1981.8,1,1.0,0.0,0.0,1,1,1,random_prescreener,1,38924550E_435350549NGPR,alarm,737366.384003659,40,anon_lsd_kv_0,anon_target_16,6,5.54819,5.54819,anon_lane_0,anon_site_0,EPSG:32618,anon_target_16,389245.519,4353505.469,,,,,7.0
389251.04756513296,4353511.98948344,GPR,7126,16,7126,1398482536.1017485,1990.5,1,1.0,0.0,0.0,1,1,1,random_prescreener,1,38925105E_435351199NGPR,alarm,737366.384003659,41,anon_lsd_kv_0,anon_target_7,3,6.884939999999999,6.884939999999999,anon_lane_0,anon_site_0,EPSG:32618,anon_target_7,389251.169,4353512.0030000005,,,,,3.0
389259.957757451,4353517.1639429005,GPR,7331,50,7331,120738805.09509952,2000.77,0,,inf,0.6863496272969251,4,1,0,random_prescreener,1,38925996E_435351716NGPR,alarm,737366.384003659,42,anon_lsd_kv_0,anon_target_0,3,2.76289,2.76289,anon_lane_0,anon_site_0,EPSG:32618,anon_target_0,,,,,,,
389261.90890542796,4353520.45274883,GPR,7407,32,7407,14020674.024309386,2004.57,1,1.0,0.0,0.0,1,1,1,random_prescreener,1,38926191E_435352045NGPR,alarm,737366.384003659,43,anon_lsd_kv_0,anon_target_1,6,3.51683,3.51683,anon_lane_0,anon_site_0,EPSG:32618,anon_target_1,389261.596,389261.654,389262.00200000004,4353520.744,4353520.813,4353520.483,1.0
389265.027253896,4353524.3697634,GPR,7508,19,7508,39241451.49047334,2009.62,0,,inf,inf,4,1,1,random_prescreener,1,38926503E_435352437NGPR,alarm,737366.384003659,44,anon_lsd_kv_0,anon_target_0,4,3.04528,3.04528,anon_lane_0,anon_site_0,EPSG:32618,anon_target_0,,,,,,,
389269.10642879206,4353529.10286293,GPR,7636,6,7636,120888497.26320404,2016.03,1,1.0,0.0,0.0,1,1,1,random_prescreener,1,38926911E_435352910NGPR,alarm,737366.384003659,45,anon_lsd_kv_0,anon_target_17,1,4.2908,4.2908,anon_lane_0,anon_site_0,EPSG:32618,anon_target_17,389269.06899999996,389269.315,389269.405,4353529.155,4353529.337,4353529.187,5.0
389276.529625069,4353533.56844311,GPR,7808,32,7808,600277878.0491934,2024.64,1,1.0,0.188242267285995,0.188242267285995,1,1,1,random_prescreener,1,38927653E_435353357NGPR,alarm,737366.384003659,46,anon_lsd_kv_0,anon_target_10,6,3.44391,3.44391,anon_lane_0,anon_site_0,EPSG:32618,anon_target_10,389277.180011,389276.732011,389276.623989,4353533.037037,4353533.502037,4353533.3979629995,5.0
389276.838604604,4353533.24404269,GPR,7808,39,7808,1199939780.2062514,2024.64,1,1.0,0.0,0.0,1,1,1,random_prescreener,1,38927684E_435353324NGPR,alarm,737366.384003659,47,anon_lsd_kv_0,anon_target_10,6,5.65257,5.65257,anon_lane_0,anon_site_0,EPSG:32618,anon_target_10,389277.180011,389276.732011,389276.623989,4353533.037037,4353533.502037,4353533.3979629995,5.0
389291.57035108295,4353548.97268692,GPR,8248,8,8248,967649713.7749332,2046.66,1,1.0,0.0,0.0,1,1,1,random_prescreener,1,38929157E_435354897NGPR,alarm,737366.384003659,48,anon_lsd_kv_0,anon_target_16,8,4.3311,4.3311,anon_lane_0,anon_site_0,EPSG:32618,anon_target_16,389291.72,4353548.993,,,,,8.0
389300.92748933,4353554.11750831,GPR,8460,47,8460,909009100.5216851,2057.27,0,,inf,inf,4,1,1,random_prescreener,1,38930093E_435355412NGPR,alarm,737366.384003659,49,anon_lsd_kv_0,anon_target_0,6,3.08668,3.08668,anon_lane_0,anon_site_0,EPSG:32618,anon_target_0,,,,,,,
389302.573866135,4353557.80423543,GPR,8536,23,8536,979044047.3494325,2061.07,1,1.0,0.132554028416638,0.132554028416638,1,1,1,random_prescreener,1,38930257E_435355780NGPR,alarm,737366.384003659,50,anon_lsd_kv_0,anon_target_17,9,3.06272,3.06272,anon_lane_0,anon_site_0,EPSG:32618,anon_target_17,389302.68299999996,389302.849,389302.914,4353557.728999999,4353557.941000001,4353557.883,3.0
389320.01602305,4353571.85941137,GPR,8993,38,8993,396395643.7772314,2083.95,1,1.0,0.00263140194884164,0.00263140194884164,1,1,1,random_prescreener,1,38932002E_435357186NGPR,alarm,737366.384003659,51,anon_lsd_kv_0,anon_target_15,7,3.0366,3.0366,anon_lane_0,anon_site_0,EPSG:32618,anon_target_15,389319.985,4353572.018999999,,,,,5.0
389325.10409041,4353576.81764838,GPR,9138,34,9138,462571298.84562963,2091.2,1,1.0,0.0,0.0,1,1,1,random_prescreener,1,38932510E_435357682NGPR,alarm,737366.384003659,52,anon_lsd_kv_0,anon_target_15,4,5.92765,5.92765,anon_lane_0,anon_site_0,EPSG:32618,anon_target_15,389325.17,4353576.842,,,,,3.0
389325.81636697706,4353579.72202063,GPR,9190,8,9190,1348145768.521124,2093.81,0,,1.9579453332768701,1.9579453332768701,4,1,1,random_prescreener,1,38932582E_435357972NGPR,alarm,737366.384003659,53,anon_lsd_kv_0,anon_target_0,8,2.72781,2.72781,anon_lane_0,anon_site_0,EPSG:32618,anon_target_0,,,,,,,
389327.716165034,4353580.35682913,GPR,9227,20,9227,50452385.812462755,2095.66,1,1.0,0.0,0.0,1,1,1,random_prescreener,1,38932772E_435358036NGPR,alarm,737366.384003659,54,anon_lsd_kv_0,anon_target_4,4,5.91327,5.91327,anon_lane_0,anon_site_0,EPSG:32618,anon_target_4,389327.782,4353580.455,,,,,1.0
389333.466948559,4353586.52186577,GPR,9399,8,9399,281895610.81792206,2104.27,1,1.0,0.0303349301314217,0.0303349301314217,1,1,1,random_prescreener,1,38933347E_435358652NGPR,alarm,737366.384003659,55,anon_lsd_kv_0,anon_target_18,8,6.86522,6.86522,anon_lane_0,anon_site_0,EPSG:32618,anon_target_18,389333.341,389333.44200000004,389333.742,4353586.706,4353586.777,4353586.446,3.0
389359.10285562795,4353606.40045682,GPR,10060,43,10060,132564385.69988981,2137.35,1,1.0,0.0,0.0,1,1,1,random_prescreener,1,38935910E_435360640NGPR,alarm,737366.384003659,56,anon_lsd_kv_0,anon_target_18,1,7.67565,7.67565,anon_lane_0,anon_site_0,EPSG:32618,anon_target_18,389358.83700000006,389358.93299999996,389359.268,4353606.541999999,4353606.643999999,4353606.335,1.0
389368.921944596,4353616.86027768,GPR,10353,31,10353,783127761.4782528,2152.01,0,,2.4086276115685097,2.08241131789961,4,1,0,random_prescreener,1,38936892E_435361686NGPR,alarm,737366.384003659,57,anon_lsd_kv_0,anon_target_0,10,3.5594699999999997,3.5594699999999997,anon_lane_0,anon_site_0,EPSG:32618,anon_target_0,,,,,,,
388993.93341828295,4353281.20905344,GPR,84,26,84,133418562.19003081,3186.61,0,,2.4753600631971002,2.4753600631971002,4,1,0,random_prescreener,1,38899393E_435328121NGPR,alarm,737366.384021873,1,anon_lsd_kv_1,anon_target_0,1,4.473319999999999,4.473319999999999,anon_lane_0,anon_site_0,EPSG:32618,anon_target_0,,,,,,,
388995.46766602795,4353283.59464035,GPR,140,15,140,662903653.8867776,3189.41,1,1.0,0.0,0.0,1,1,1,random_prescreener,1,38899547E_435328359NGPR,alarm,737366.384021873,2,anon_lsd_kv_1,anon_target_14,8,2.82743,2.82743,anon_lane_0,anon_site_0,EPSG:32618,anon_target_14,388995.649812,388995.183812,388995.292188,4353283.868852,4353283.381852,4353283.278148,3.0
389000.940384566,4353287.13596653,GPR,272,30,272,425648067.4383461,3196.02,1,1.0,0.0105870511381143,0.0105870511381143,1,1,1,random_prescreener,1,38900094E_435328714NGPR,alarm,737366.384021873,3,anon_lsd_kv_1,anon_target_1,1,5.7704699999999995,5.7704699999999995,anon_lane_0,anon_site_0,EPSG:32618,anon_target_1,389000.828,389000.883,389001.185,4353287.29,4353287.335,4353286.966,3.0
389006.094256655,4353292.04626185,GPR,417,26,417,1017027698.5107036,3203.28,1,1.0,0.0,0.0,1,1,1,random_prescreener,1,38900609E_435329205NGPR,alarm,737366.384021873,4,anon_lsd_kv_1,anon_target_2,1,3.9131699999999996,3.9131699999999996,anon_lane_0,anon_site_0,EPSG:32618,anon_target_2,389006.17299999995,4353292.1,,,,,1.0
389011.100023897,4353297.02760757,GPR,561,18,561,659920401.2812216,3210.49,1,1.0,0.0,0.0,1,1,1,random_prescreener,1,38901110E_435329703NGPR,alarm,737366.384021873,5,anon_lsd_kv_1,anon_target_3,9,5.3384599999999995,5.3384599999999995,anon_lane_0,anon_site_0,EPSG:32618,anon_target_3,389011.008,389011.166,389011.30299999996,4353297.113,4353297.255,4353297.124,3.0
389016.786818524,4353301.47557946,GPR,708,27,708,1344412634.5791628,3217.84,1,1.0,0.0,0.0,1,1,1,random_prescreener,1,38901679E_435330148NGPR,alarm,737366.384021873,6,anon_lsd_kv_1,anon_target_4,10,3.7955300000000003,3.7955300000000003,anon_lane_0,anon_site_0,EPSG:32618,anon_target_4,389016.744,4353301.5430000005,,,,,3.0
389027.77018503397,4353310.75347017,GPR,1002,34,1002,252407593.52945337,3232.56,1,1.0,0.0,0.0,1,1,1,random_prescreener,1,38902777E_435331075NGPR,alarm,737366.384021873,7,anon_lsd_kv_1,anon_target_2,1,5.82987,5.82987,anon_lane_0,anon_site_0,EPSG:32618,anon_target_2,389027.841,4353310.775,,,,,3.0
389032.191173605,4353313.81485305,GPR,1111,44,1111,1267908371.5461571,3238.01,0,,inf,1.1015693214803999,4,1,1,random_prescreener,1,38903219E_435331381NGPR,alarm,737366.384021873,8,anon_lsd_kv_1,anon_target_0,4,6.13199,6.13199,anon_lane_0,anon_site_0,EPSG:32618,anon_target_0,,,,,,,
389042.336177598,4353324.32931333,GPR,1410,24,1410,46525399.134739526,3252.97,1,1.0,0.0173723517666767,0.0173723517666767,1,1,1,random_prescreener,1,38904234E_435332433NGPR,alarm,737366.384021873,9,anon_lsd_kv_1,anon_target_5,9,5.46084,5.46084,anon_lane_0,anon_site_0,EPSG:32618,anon_target_5,389042.471,4353324.303,,,,,1.0
389049.128109891,4353329.73787032,GPR,1586,35,1586,351526982.6964935,3261.79,1,1.0,0.0,0.0,1,1,1,random_prescreener,1,38904913E_435332974NGPR,alarm,737366.384021873,10,anon_lsd_kv_1,anon_target_6,8,7.07833,7.07833,anon_lane_0,anon_site_0,EPSG:32618,anon_target_6,389049.135,4353329.777,,,,,1.0
389057.461346838,4353338.09450401,GPR,1828,23,1828,204469138.02500212,3273.9,1,1.0,0.0,0.0,1,1,1,random_prescreener,1,38905746E_435333809NGPR,alarm,737366.384021873,11,anon_lsd_kv_1,anon_target_7,5,6.44719,6.44719,anon_lane_0,anon_site_0,EPSG:32618,anon_target_7,389057.44299999997,4353338.127,,,,,5.0
389066.64566723397,4353347.50992989,GPR,2097,10,2097,188520576.78516114,3287.36,1,1.0,0.0,0.0,1,1,1,random_prescreener,1,38906665E_435334751NGPR,alarm,737366.384021873,12,anon_lsd_kv_1,anon_target_8,8,5.87169,5.87169,anon_lane_0,anon_site_0,EPSG:32618,anon_target_8,389066.71,4353347.538,,,,,5.0
389069.50851024204,4353349.53932318,GPR,2168,17,2168,1057182120.5449721,3290.92,0,,inf,inf,4,1,1,random_prescreener,1,38906951E_435334954NGPR,alarm,737366.384021873,13,anon_lsd_kv_1,anon_target_0,7,3.7556300000000005,3.7556300000000005,anon_lane_0,anon_site_0,EPSG:32618,anon_target_0,,,,,,,
389073.705476989,4353351.77310634,GPR,2261,36,2261,1295491063.7999554,3295.57,1,1.0,0.0,0.0,1,1,1,random_prescreener,1,38907371E_435335177NGPR,alarm,737366.384021873,14,anon_lsd_kv_1,anon_target_9,6,4.35078,4.35078,anon_lane_0,anon_site_0,EPSG:32618,anon_target_9,389073.74100000004,4353351.777,,,,,5.0
389079.73406182,4353357.25447102,GPR,2429,33,2429,927831120.2630783,3303.98,1,1.0,0.0,0.0,1,1,1,random_prescreener,1,38907973E_435335725NGPR,alarm,737366.384021873,15,anon_lsd_kv_1,anon_target_10,1,6.44388,6.44388,anon_lane_0,anon_site_0,EPSG:32618,anon_target_10,389080.08185,389079.68385,389079.56415,4353356.9792,4353357.5062,4353357.4158,3.0
389091.09431482706,4353366.97232672,GPR,2735,40,2735,1080727092.598141,3319.29,1,1.0,0.0,0.0,1,1,1,random_prescreener,1,38909109E_435336697NGPR,alarm,737366.384021873,16,anon_lsd_kv_1,anon_target_11,10,3.94739,3.94739,anon_lane_0,anon_site_0,EPSG:32618,anon_target_11,389090.95200000005,389091.005,389091.203,4353367.09,4353367.1389999995,4353366.937,1.0
389096.01384336705,4353372.98527739,GPR,2893,22,2893,593900484.865146,3327.2,1,1.0,0.0,0.0,1,1,1,random_prescreener,1,38909601E_435337299NGPR,alarm,737366.384021873,17,anon_lsd_kv_1,anon_target_8,5,6.6662,6.6662,anon_lane_0,anon_site_0,EPSG:32618,anon_target_8,389096.12100000004,4353372.975,,,,,3.0
389103.966294335,4353378.18317464,GPR,3082,44,3082,359284327.5753859,3336.66,0,0.0,inf,0.0497553650499305,4,1,1,random_prescreener,1,38910397E_435337818NGPR,alarm,737366.384021873,18,anon_lsd_kv_1,anon_target_0,10,4.4873199999999995,4.4873199999999995,anon_lane_0,anon_site_0,EPSG:32618,anon_target_0,,,,,,,
389105.46989245794,4353381.45762183,GPR,3151,22,3151,904916944.9221045,3340.11,0,,inf,inf,4,1,1,random_prescreener,1,38910547E_435338146NGPR,alarm,737366.384021873,19,anon_lsd_kv_1,anon_target_0,10,5.46775,5.46775,anon_lane_0,anon_site_0,EPSG:32618,anon_target_0,,,,,,,
389111.95503005397,4353387.48481818,GPR,3334,20,3334,567611807.3546752,3349.27,1,1.0,0.24927683237459,0.24927683237459,1,1,1,random_prescreener,1,38911196E_435338748NGPR,alarm,737366.384021873,20,anon_lsd_kv_1,anon_target_12,2,4.86121,4.86121,anon_lane_0,anon_site_0,EPSG:32618,anon_target_12,389112.10799999995,389112.32700000005,389112.518,4353387.287,4353387.4860000005,4353387.262,-1.0
389112.219865178,4353387.2067564,GPR,3334,26,3334,343097111.1137964,3349.27,1,1.0,0.0,0.0,1,1,1,random_prescreener,1,38911222E_435338721NGPR,alarm,737366.384021873,21,anon_lsd_kv_1,anon_target_12,2,6.5758399999999995,6.5758399999999995,anon_lane_0,anon_site_0,EPSG:32618,anon_target_12,389112.10799999995,389112.32700000005,389112.518,4353387.287,4353387.4860000005,4353387.262,-1.0
389112.484700302,4353386.92869463,GPR,3334,32,3334,1237520474.7652154,3349.27,1,1.0,0.22428276188744797,0.22428276188744797,1,1,1,random_prescreener,1,38911248E_435338693NGPR,alarm,737366.384021873,22,anon_lsd_kv_1,anon_target_12,2,4.5788400000000005,4.5788400000000005,anon_lane_0,anon_site_0,EPSG:32618,anon_target_12,389112.10799999995,389112.32700000005,389112.518,4353387.287,4353387.4860000005,4353387.262,-1.0
389119.63394767704,4353392.47899246,GPR,3517,42,3517,116578318.22014993,3358.43,0,0.0,inf,0.0,4,1,1,random_prescreener,1,38911963E_435339248NGPR,alarm,737366.384021873,23,anon_lsd_kv_1,anon_target_0,2,3.27455,3.27455,anon_lane_0,anon_site_0,EPSG:32618,anon_target_0,,,,,,,
389123.85548773705,4353396.67338123,GPR,3638,37,3638,342507092.2142408,3364.49,1,1.0,0.0,0.0,1,1,1,random_prescreener,1,38912386E_435339667NGPR,alarm,737366.384021873,24,anon_lsd_kv_1,anon_target_6,2,5.83847,5.83847,anon_lane_0,anon_site_0,EPSG:32618,anon_target_6,389123.82899999997,4353396.583000001,,,,,3.0
389133.36347851,4353405.90593281,GPR,3909,27,3909,583707263.2932271,3378.04,1,1.0,0.0,0.0,1,1,1,random_prescreener,1,38913336E_435340591NGPR,alarm,737366.384021873,25,anon_lsd_kv_1,anon_target_13,6,4.87031,4.87031,anon_lane_0,anon_site_0,EPSG:32618,anon_target_13,389133.166,389133.281,389133.55100000004,4353406.018999999,4353405.756,4353405.87,1.0
389146.066074086,4353416.49015016,GPR,4247,37,4247,186648680.34553066,3394.96,1,1.0,0.0,0.0,1,1,1,random_prescreener,1,38914607E_435341649NGPR,alarm,737366.384021873,26,anon_lsd_kv_1,anon_target_9,4,5.0302,5.0302,anon_lane_0,anon_site_0,EPSG:32618,anon_target_9,389146.016,4353416.48,,,,,3.0
389150.33698084,4353421.77905085,GPR,4385,20,4385,616404415.1016904,3401.87,1,1.0,0.0,0.0,1,1,1,random_prescreener,1,38915034E_435342178NGPR,alarm,737366.384021873,27,anon_lsd_kv_1,anon_target_7,5,9.28993,9.28993,anon_lane_0,anon_site_0,EPSG:32618,anon_target_7,389150.321,4353421.896000001,,,,,1.0
389169.11197180796,4353437.36285898,GPR,4883,32,4883,913379589.7639154,3426.8,1,1.0,0.0,0.0,1,1,1,random_prescreener,1,38916911E_435343736NGPR,alarm,737366.384021873,28,anon_lsd_kv_1,anon_target_14,3,4.33974,4.33974,anon_lane_0,anon_site_0,EPSG:32618,anon_target_14,389169.423719,389169.015719,389169.126281,4353437.769685,4353437.324685,4353437.2233150005,5.0
389170.01164193795,4353439.08795804,GPR,4921,21,4921,397308282.53286505,3428.7,0,,1.44343243270437,1.44343243270437,4,1,1,random_prescreener,1,38917001E_435343909NGPR,alarm,737366.384021873,29,anon_lsd_kv_1,anon_target_0,5,2.7351400000000003,2.7351400000000003,anon_lane_0,anon_site_0,EPSG:32618,anon_target_0,,,,,,,
389174.033943543,4353442.52065048,GPR,5029,23,5029,1037533026.124583,3434.1,1,1.0,0.0,0.0,1,1,1,random_prescreener,1,38917403E_435344252NGPR,alarm,737366.384021873,30,anon_lsd_kv_1,anon_target_2,7,5.93234,5.93234,anon_lane_0,anon_site_0,EPSG:32618,anon_target_2,389174.114,4353442.539,,,,,5.0
389177.40006283706,4353444.6111405,GPR,5108,34,5108,124083799.3062751,3438.06,1,1.0,0.0,0.0,1,1,1,random_prescreener,1,38917740E_435344461NGPR,alarm,737366.384021873,31,anon_lsd_kv_1,anon_target_13,6,5.05472,5.05472,anon_lane_0,anon_site_0,EPSG:32618,anon_target_13,389177.208,389177.399,389177.62899999996,4353444.55,4353444.329,4353444.511,3.0
389188.782362514,4353454.65354669,GPR,5419,34,5419,886024977.8297365,3453.62,1,1.0,0.0,0.0,1,1,1,random_prescreener,1,38918878E_435345465NGPR,alarm,737366.384021873,32,anon_lsd_kv_1,anon_target_5,9,2.8099,2.8099,anon_lane_0,anon_site_0,EPSG:32618,anon_target_5,389188.79,4353454.716,,,,,3.0
389190.82601684204,4353455.98197812,GPR,5468,40,5468,206846814.55870882,3456.07,1,1.0,0.0,0.0,1,1,1,random_prescreener,1,38919083E_435345598NGPR,alarm,737366.384021873,33,anon_lsd_kv_1,anon_target_15,4,5.0646,5.0646,anon_lane_0,anon_site_0,EPSG:32618,anon_target_15,389190.843,4353456.024,,,,,1.0
389190.907979548,4353455.96920565,GPR,5469,41,5469,1099757943.8890216,3456.12,1,1.0,0.0,0.0,1,1,1,random_prescreener,1,38919091E_435345597NGPR,alarm,737366.384021873,34,anon_lsd_kv_1,anon_target_15,4,5.150180000000001,5.150180000000001,anon_lane_0,anon_site_0,EPSG:32618,anon_target_15,389190.843,4353456.024,,,,,1.0
389198.698465436,4353465.4999265,GPR,5719,12,5719,122977951.99045187,3468.64,0,0.0,inf,0.0,4,1,1,random_prescreener,1,38919870E_435346550NGPR,alarm,737366.384021873,35,anon_lsd_kv_1,anon_target_0,8,2.87181,2.87181,anon_lane_0,anon_site_0,EPSG:32618,anon_target_0,,,,,,,
389211.27188167296,4353476.08643022,GPR,6054,22,6054,892934898.4538758,3485.4,1,1.0,0.0,0.0,1,1,1,random_prescreener,1,38921127E_435347609NGPR,alarm,737366.384021873,36,anon_lsd_kv_1,anon_target_13,7,4.5181,4.5181,anon_lane_0,anon_site_0,EPSG:32618,anon_target_13,389211.166,389211.37100000004,389211.59,4353476.097,4353475.888,4353476.083000001,5.0
389223.96205993794,4353488.20161714,GPR,6413,12,6413,49911129.56075764,3503.37,1,1.0,0.0,0.0,1,1,1,random_prescreener,1,38922396E_435348820NGPR,alarm,737366.384021873,37,anon_lsd_kv_1,anon_target_16,4,4.53995,4.53995,anon_lane_0,anon_site_0,EPSG:32618,anon_target_16,389224.083,4353488.124,,,,,6.0
389231.414134741,4353492.16807066,GPR,6580,44,6580,245864962.77630958,3511.73,0,0.0,2.7295834358280597,0.0,4,1,1,random_prescreener,1,38923141E_435349217NGPR,alarm,737366.384021873,38,anon_lsd_kv_1,anon_target_0,1,7.09563,7.09563,anon_lane_0,anon_site_0,EPSG:32618,anon_target_0,,,,,,,
389232.641612003,4353494.72241826,GPR,6634,27,6634,1333612559.7894125,3514.43,1,1.0,0.0,0.0,1,1,1,random_prescreener,1,38923264E_435349472NGPR,alarm,737366.384021873,39,anon_lsd_kv_1,anon_target_16,2,6.1060300000000005,6.1060300000000005,anon_lane_0,anon_site_0,EPSG:32618,anon_target_16,389232.62700000004,4353494.8,,,,,-1.0
389232.90507947205,4353494.44306027,GPR,6634,33,6634,939388381.5263077,3514.43,0,,0.284641265861436,0.284641265861436,2,1,1,random_prescreener,1,38923291E_435349444NGPR,alarm,737366.384021873,40,anon_lsd_kv_1,anon_target_0,1,4.2868900000000005,4.2868900000000005,anon_lane_0,anon_site_0,EPSG:32618,anon_target_0,,,,,,,
389236.993342415,4353496.91131072,GPR,6729,47,6729,1050394696.635976,3519.18,0,,inf,inf,4,1,1,random_prescreener,1,38923699E_435349691NGPR,alarm,737366.384021873,41,anon_lsd_kv_1,anon_target_0,1,2.7551400000000004,2.7551400000000004,anon_lane_0,anon_site_0,EPSG:32618,anon_target_0,,,,,,,
389238.36896889296,4353501.34439793,GPR,6812,10,6812,280967174.4254952,3523.34,0,0.0,inf,0.0853564299149862,4,1,1,random_prescreener,1,38923837E_435350134NGPR,alarm,737366.384021873,42,anon_lsd_kv_1,anon_target_0,2,2.91265,2.91265,anon_lane_0,anon_site_0,EPSG:32618,anon_target_0,,,,,,,
389245.486290692,4353505.49029326,GPR,6976,34,6976,1062515002.3402257,3531.55,1,1.0,0.0,0.0,1,1,1,random_prescreener,1,38924549E_435350549NGPR,alarm,737366.384021873,43,anon_lsd_kv_1,anon_target_16,6,6.54686,6.54686,anon_lane_0,anon_site_0,EPSG:32618,anon_target_16,389245.519,4353505.469,,,,,7.0
389251.06602407,4353511.94094567,GPR,7150,15,7150,1176180516.8564565,3540.26,1,1.0,0.0,0.0,1,1,1,random_prescreener,1,38925107E_435351194NGPR,alarm,737366.384021873,44,anon_lsd_kv_1,anon_target_7,3,5.7209900000000005,5.7209900000000005,anon_lane_0,anon_site_0,EPSG:32618,anon_target_7,389251.169,4353512.0030000005,,,,,3.0
389261.731117426,4353520.61105237,GPR,7430,30,7430,597568421.1272426,3554.27,1,1.0,0.0034968079016431397,0.0034968079016431397,1,1,1,random_prescreener,1,38926173E_435352061NGPR,alarm,737366.384021873,45,anon_lsd_kv_1,anon_target_1,6,3.34429,3.34429,anon_lane_0,anon_site_0,EPSG:32618,anon_target_1,389261.596,389261.654,389262.00200000004,4353520.744,4353520.813,4353520.483,1.0
389261.90048241,4353520.50699622,GPR,7431,33,7431,1162202033.6373973,3554.32,1,1.0,0.0,0.0,1,1,1,random_prescreener,1,38926190E_435352051NGPR,alarm,737366.384021873,46,anon_lsd_kv_1,anon_target_1,6,3.38323,3.38323,anon_lane_0,anon_site_0,EPSG:32618,anon_target_1,389261.596,389261.654,389262.00200000004,4353520.744,4353520.813,4353520.483,1.0
389265.013769836,4353524.40490457,GPR,7532,21,7532,553003229.459391,3559.38,0,,inf,inf,4,1,1,random_prescreener,1,38926501E_435352440NGPR,alarm,737366.384021873,47,anon_lsd_kv_1,anon_target_0,4,3.3208800000000003,3.3208800000000003,anon_lane_0,anon_site_0,EPSG:32618,anon_target_0,,,,,,,
389269.07170015795,4353529.17835248,GPR,7660,7,7660,938674973.4675775,3565.78,1,1.0,0.0171672190039307,0.0171672190039307,1,1,1,random_prescreener,1,38926907E_435352918NGPR,alarm,737366.384021873,48,anon_lsd_kv_1,anon_target_17,1,4.95633,4.95633,anon_lane_0,anon_site_0,EPSG:32618,anon_target_17,389269.06899999996,389269.315,389269.405,4353529.155,4353529.337,4353529.187,5.0
389276.52152607206,4353533.56357739,GPR,7832,33,7832,410258820.8318625,3574.39,1,1.0,0.190357528311855,0.190357528311855,1,1,1,random_prescreener,1,38927652E_435353356NGPR,alarm,737366.384021873,49,anon_lsd_kv_1,anon_target_10,6,2.76231,2.76231,anon_lane_0,anon_site_0,EPSG:32618,anon_target_10,389277.180011,389276.732011,389276.623989,4353533.037037,4353533.502037,4353533.3979629995,5.0
389276.906984932,4353533.22106377,GPR,7833,41,7833,157774923.87710136,3574.44,1,1.0,0.0,0.0,1,1,1,random_prescreener,1,38927691E_435353322NGPR,alarm,737366.384021873,50,anon_lsd_kv_1,anon_target_10,6,5.80018,5.80018,anon_lane_0,anon_site_0,EPSG:32618,anon_target_10,389277.180011,389276.732011,389276.623989,4353533.037037,4353533.502037,4353533.3979629995,5.0
389291.59047610604,4353548.92828267,GPR,8272,13,8272,826297725.7943529,3596.41,1,1.0,0.0,0.0,1,1,1,random_prescreener,1,38929159E_435354893NGPR,alarm,737366.384021873,51,anon_lsd_kv_1,anon_target_16,8,3.52147,3.52147,anon_lane_0,anon_site_0,EPSG:32618,anon_target_16,389291.72,4353548.993,,,,,8.0
